001_08,002_08,0.137
001_08,003_08,0.122
002_08,003_08,0.066
001_08,004_08,-0.555
002_08,004_08,-0.051
003_08,004_08,-0.014
001_08,005_08,0.048
002_08,005_08,0.022
003_08,005_08,-0.383
004_08,005_08,-0.280
001_08,006_08,-0.398
002_08,006_08,0.400
003_08,006_08,-0.144
004_08,006_08,-0.110
005_08,006_08,0.670
001_08,007_08,-0.507
002_08,007_08,-0.036
003_08,007_08,0.044
004_08,007_08,0.206
005_08,007_08,0.129
006_08,007_08,0.370
001_08,019_14,-0.428
002_08,019_14,0.050
003_08,019_14,-0.225
004_08,019_14,0.000
005_08,019_14,-0.400
006_08,019_14,-0.215
007_08,019_14,0.529
001_08,020_14,-0.040
002_08,020_14,-0.652
003_08,020_14,0.206
004_08,020_14,-0.160
005_08,020_14,-0.520
006_08,020_14,-0.852
007_08,020_14,-0.244
019_14,020_14,-0.393
001_08,021_14,0.130
002_08,021_14,-0.127
003_08,021_14,-0.592
004_08,021_14,-0.374
005_08,021_14,-0.138
006_08,021_14,-0.410
007_08,021_14,-0.235
019_14,021_14,-0.406
020_14,021_14,0.110
001_08,022_14,-0.299
002_08,022_14,-0.150
003_08,022_14,0.389
004_08,022_14,0.142
005_08,022_14,-0.277
006_08,022_14,-0.068
007_08,022_14,0.279
019_14,022_14,0.167
020_14,022_14,0.211
021_14,022_14,-0.297
001_08,023_14,-0.021
002_08,023_14,-0.152
003_08,023_14,0.191
004_08,023_14,0.215
005_08,023_14,-0.136
006_08,023_14,-0.370
007_08,023_14,0.035
019_14,023_14,-0.110
020_14,023_14,0.531
021_14,023_14,0.195
022_14,023_14,0.178
001_08,024_14,-0.123
002_08,024_14,0.012
003_08,024_14,0.651
004_08,024_14,0.325
005_08,024_14,-0.576
006_08,024_14,-0.389
007_08,024_14,0.120
019_14,024_14,0.054
020_14,024_14,0.292
021_14,024_14,-0.439
022_14,024_14,0.434
023_14,024_14,0.385
001_08,025_14,-0.043
002_08,025_14,-0.352
003_08,025_14,0.302
004_08,025_14,-0.357
005_08,025_14,-0.154
006_08,025_14,-0.256
007_08,025_14,0.050
019_14,025_14,-0.258
020_14,025_14,0.883
021_14,025_14,0.072
022_14,025_14,0.289
023_14,025_14,0.252
024_14,025_14,0.230
001_08,026_14,-0.006
002_08,026_14,-0.180
003_08,026_14,0.247
004_08,026_14,-0.114
005_08,026_14,0.298
006_08,026_14,0.110
007_08,026_14,0.470
019_14,026_14,0.020
020_14,026_14,-0.240
021_14,026_14,-0.317
022_14,026_14,0.205
023_14,026_14,0.035
024_14,026_14,-0.001
025_14,026_14,-0.094
001_08,027_14,0.010
002_08,027_14,0.173
003_08,027_14,0.457
004_08,027_14,-0.143
005_08,027_14,0.148
006_08,027_14,0.158
007_08,027_14,-0.164
019_14,027_14,-0.424
020_14,027_14,-0.113
021_14,027_14,-0.313
022_14,027_14,0.202
023_14,027_14,0.301
024_14,027_14,0.113
025_14,027_14,-0.084
026_14,027_14,0.598
001_08,028_14,-0.141
002_08,028_14,0.099
003_08,028_14,0.305
004_08,028_14,0.152
005_08,028_14,0.196
006_08,028_14,0.138
007_08,028_14,0.196
019_14,028_14,-0.286
020_14,028_14,-0.084
021_14,028_14,-0.335
022_14,028_14,0.263
023_14,028_14,0.214
024_14,028_14,0.189
025_14,028_14,0.054
026_14,028_14,0.568
027_14,028_14,0.756
001_08,076_13,0.187
002_08,076_13,-0.236
003_08,076_13,0.442
004_08,076_13,-0.376
005_08,076_13,0.198
006_08,076_13,0.003
007_08,076_13,-0.033
019_14,076_13,-0.202
020_14,076_13,0.078
021_14,076_13,-0.376
022_14,076_13,0.244
023_14,076_13,0.080
024_14,076_13,0.050
025_14,076_13,0.191
026_14,076_13,0.487
027_14,076_13,0.614
028_14,076_13,0.304
001_08,077_13,0.296
002_08,077_13,-0.222
003_08,077_13,0.641
004_08,077_13,-0.153
005_08,077_13,-0.255
006_08,077_13,-0.565
007_08,077_13,-0.239
019_14,077_13,-0.357
020_14,077_13,0.451
021_14,077_13,-0.405
022_14,077_13,0.215
023_14,077_13,0.454
024_14,077_13,0.488
025_14,077_13,0.431
026_14,077_13,0.198
027_14,077_13,0.720
028_14,077_13,0.459
076_13,077_13,0.698
001_08,078_13,-0.595
002_08,078_13,0.058
003_08,078_13,0.234
004_08,078_13,0.258
005_08,078_13,-0.221
006_08,078_13,0.037
007_08,078_13,0.597
019_14,078_13,0.110
020_14,078_13,-0.525
021_14,078_13,-0.608
022_14,078_13,0.384
023_14,078_13,0.034
024_14,078_13,0.119
025_14,078_13,-0.303
026_14,078_13,0.569
027_14,078_13,0.633
028_14,078_13,0.479
076_13,078_13,0.281
077_13,078_13,0.230
001_08,079_13,0.039
002_08,079_13,0.359
003_08,079_13,0.519
004_08,079_13,-0.133
005_08,079_13,-0.068
006_08,079_13,0.016
007_08,079_13,-0.126
019_14,079_13,-0.272
020_14,079_13,-0.010
021_14,079_13,-0.200
022_14,079_13,0.093
023_14,079_13,0.249
024_14,079_13,0.289
025_14,079_13,0.071
026_14,079_13,0.170
027_14,079_13,0.899
028_14,079_13,0.618
076_13,079_13,0.516
077_13,079_13,0.775
078_13,079_13,0.517
001_08,080_13,-0.343
002_08,080_13,-0.172
003_08,080_13,0.454
004_08,080_13,0.163
005_08,080_13,-0.156
006_08,080_13,0.093
007_08,080_13,0.344
019_14,080_13,0.331
020_14,080_13,-0.069
021_14,080_13,-0.515
022_14,080_13,0.564
023_14,080_13,0.081
024_14,080_13,0.332
025_14,080_13,0.052
026_14,080_13,0.270
027_14,080_13,0.127
028_14,080_13,0.328
076_13,080_13,0.458
077_13,080_13,0.282
078_13,080_13,0.449
079_13,080_13,0.267
001_08,081_13,-0.024
002_08,081_13,-0.051
003_08,081_13,0.170
004_08,081_13,0.104
005_08,081_13,-0.008
006_08,081_13,-0.206
007_08,081_13,0.112
019_14,081_13,0.272
020_14,081_13,-0.184
021_14,081_13,-0.254
022_14,081_13,-0.173
023_14,081_13,0.120
024_14,081_13,0.356
025_14,081_13,-0.161
026_14,081_13,0.462
027_14,081_13,0.248
028_14,081_13,0.312
076_13,081_13,0.166
077_13,081_13,0.159
078_13,081_13,0.022
079_13,081_13,0.123
080_13,081_13,0.069
001_08,082_13,-0.577
002_08,082_13,0.322
003_08,082_13,0.236
004_08,082_13,0.151
005_08,082_13,-0.265
006_08,082_13,0.103
007_08,082_13,0.178
019_14,082_13,-0.107
020_14,082_13,-0.511
021_14,082_13,-0.284
022_14,082_13,0.094
023_14,082_13,0.303
024_14,082_13,0.153
025_14,082_13,-0.289
026_14,082_13,0.080
027_14,082_13,0.614
028_14,082_13,0.269
076_13,082_13,-0.001
077_13,082_13,-0.068
078_13,082_13,0.390
079_13,082_13,0.529
080_13,082_13,0.115
081_13,082_13,0.165
001_08,083_13,0.053
002_08,083_13,0.027
003_08,083_13,-0.315
004_08,083_13,0.274
005_08,083_13,-0.303
006_08,083_13,-0.274
007_08,083_13,0.012
019_14,083_13,-0.021
020_14,083_13,-0.348
021_14,083_13,0.262
022_14,083_13,0.126
023_14,083_13,-0.200
024_14,083_13,-0.067
025_14,083_13,-0.285
026_14,083_13,-0.019
027_14,083_13,-0.240
028_14,083_13,0.009
076_13,083_13,-0.399
077_13,083_13,-0.333
078_13,083_13,-0.042
079_13,083_13,-0.331
080_13,083_13,-0.253
081_13,083_13,-0.003
082_13,083_13,-0.307
001_08,084_13,0.278
002_08,084_13,-0.046
003_08,084_13,0.383
004_08,084_13,-0.183
005_08,084_13,0.286
006_08,084_13,-0.024
007_08,084_13,-0.166
019_14,084_13,-0.344
020_14,084_13,-0.176
021_14,084_13,-0.261
022_14,084_13,-0.045
023_14,084_13,0.144
024_14,084_13,0.015
025_14,084_13,-0.172
026_14,084_13,0.532
027_14,084_13,0.757
028_14,084_13,0.380
076_13,084_13,0.779
077_13,084_13,0.615
078_13,084_13,0.380
079_13,084_13,0.625
080_13,084_13,0.258
081_13,084_13,0.311
082_13,084_13,0.199
083_13,084_13,-0.403
001_08,085_13,-0.887
002_08,085_13,-0.217
003_08,085_13,-0.803
004_08,085_13,0.297
005_08,085_13,-0.405
006_08,085_13,-0.349
007_08,085_13,0.496
019_14,085_13,0.303
020_14,085_13,-0.096
021_14,085_13,-0.335
022_14,085_13,-0.306
023_14,085_13,-0.476
024_14,085_13,-0.469
025_14,085_13,-0.096
026_14,085_13,-0.312
027_14,085_13,-0.618
028_14,085_13,-0.288
076_13,085_13,-0.686
077_13,085_13,-0.772
078_13,085_13,-0.302
079_13,085_13,-0.618
080_13,085_13,-0.122
081_13,085_13,-0.136
082_13,085_13,-0.533
083_13,085_13,-0.398
084_13,085_13,-0.618
001_08,086_13,0.251
002_08,086_13,0.165
003_08,086_13,-0.250
004_08,086_13,-0.173
005_08,086_13,0.524
006_08,086_13,0.083
007_08,086_13,-0.058
019_14,086_13,-0.236
020_14,086_13,-0.647
021_14,086_13,-0.036
022_14,086_13,-0.293
023_14,086_13,0.037
024_14,086_13,-0.410
025_14,086_13,-0.383
026_14,086_13,0.279
027_14,086_13,0.363
028_14,086_13,0.082
076_13,086_13,0.083
077_13,086_13,-0.140
078_13,086_13,-0.112
079_13,086_13,0.059
080_13,086_13,-0.337
081_13,086_13,0.222
082_13,086_13,0.189
083_13,086_13,-0.195
084_13,086_13,0.467
085_13,086_13,-0.562
001_08,087_13,-0.368
002_08,087_13,-0.484
003_08,087_13,-0.648
004_08,087_13,-0.511
005_08,087_13,-0.338
006_08,087_13,-0.593
007_08,087_13,-0.368
019_14,087_13,-0.497
020_14,087_13,0.525
021_14,087_13,0.090
022_14,087_13,-0.049
023_14,087_13,-0.204
024_14,087_13,-0.249
025_14,087_13,0.480
026_14,087_13,-0.580
027_14,087_13,-0.492
028_14,087_13,-0.657
076_13,087_13,-0.221
077_13,087_13,-0.255
078_13,087_13,-0.917
079_13,087_13,-0.366
080_13,087_13,-0.555
081_13,087_13,-0.466
082_13,087_13,-0.776
083_13,087_13,-0.399
084_13,087_13,-0.469
085_13,087_13,0.258
086_13,087_13,-0.524
001_08,089_13,-0.125
002_08,089_13,-0.028
003_08,089_13,0.051
004_08,089_13,-0.050
005_08,089_13,0.136
006_08,089_13,-0.040
007_08,089_13,-0.303
019_14,089_13,-0.673
020_14,089_13,0.090
021_14,089_13,-0.010
022_14,089_13,-0.148
023_14,089_13,0.527
024_14,089_13,-0.118
025_14,089_13,-0.134
026_14,089_13,0.034
027_14,089_13,0.753
028_14,089_13,0.202
076_13,089_13,0.287
077_13,089_13,0.297
078_13,089_13,0.043
079_13,089_13,0.570
080_13,089_13,-0.171
081_13,089_13,-0.057
082_13,089_13,0.399
083_13,089_13,-0.517
084_13,089_13,0.518
085_13,089_13,-0.753
086_13,089_13,0.143
087_13,089_13,-0.284
001_08,090_13,-0.077
002_08,090_13,0.098
003_08,090_13,0.271
004_08,090_13,-0.038
005_08,090_13,-0.060
006_08,090_13,-0.122
007_08,090_13,-0.211
019_14,090_13,-0.539
020_14,090_13,0.004
021_14,090_13,-0.206
022_14,090_13,0.229
023_14,090_13,0.386
024_14,090_13,0.187
025_14,090_13,-0.120
026_14,090_13,0.319
027_14,090_13,1.000
028_14,090_13,0.539
076_13,090_13,0.458
077_13,090_13,0.507
078_13,090_13,0.412
079_13,090_13,0.730
080_13,090_13,0.020
081_13,090_13,0.056
082_13,090_13,0.462
083_13,090_13,-0.247
084_13,090_13,0.589
085_13,090_13,-0.618
086_13,090_13,0.080
087_13,090_13,-0.243
089_13,090_13,0.722
001_08,091_13,0.084
002_08,091_13,-0.296
003_08,091_13,0.165
004_08,091_13,0.188
005_08,091_13,0.098
006_08,091_13,-0.259
007_08,091_13,0.510
019_14,091_13,0.389
020_14,091_13,0.263
021_14,091_13,-0.076
022_14,091_13,0.275
023_14,091_13,0.336
024_14,091_13,0.362
025_14,091_13,0.226
026_14,091_13,0.504
027_14,091_13,-0.120
028_14,091_13,0.330
076_13,091_13,0.172
077_13,091_13,0.281
078_13,091_13,0.158
079_13,091_13,-0.070
080_13,091_13,0.340
081_13,091_13,0.502
082_13,091_13,-0.204
083_13,091_13,0.071
084_13,091_13,0.121
085_13,091_13,0.170
086_13,091_13,0.118
087_13,091_13,-0.250
089_13,091_13,-0.187
090_13,091_13,-0.163
001_08,092_13,-0.180
002_08,092_13,-0.084
003_08,092_13,-0.007
004_08,092_13,0.067
005_08,092_13,0.315
006_08,092_13,0.179
007_08,092_13,0.833
019_14,092_13,0.471
020_14,092_13,-0.072
021_14,092_13,0.040
022_14,092_13,0.222
023_14,092_13,0.268
024_14,092_13,0.069
025_14,092_13,0.096
026_14,092_13,0.620
027_14,092_13,-0.003
028_14,092_13,0.385
076_13,092_13,0.017
077_13,092_13,-0.025
078_13,092_13,0.534
079_13,092_13,-0.007
080_13,092_13,0.287
081_13,092_13,0.230
082_13,092_13,0.123
083_13,092_13,-0.037
084_13,092_13,0.069
085_13,092_13,0.439
086_13,092_13,0.270
087_13,092_13,-0.329
089_13,092_13,-0.091
090_13,092_13,-0.076
091_13,092_13,0.738
001_08,093_13,0.280
002_08,093_13,0.194
003_08,093_13,0.029
004_08,093_13,-0.185
005_08,093_13,0.114
006_08,093_13,-0.175
007_08,093_13,0.165
019_14,093_13,-0.083
020_14,093_13,-0.409
021_14,093_13,-0.472
022_14,093_13,-0.119
023_14,093_13,-0.133
024_14,093_13,-0.074
025_14,093_13,-0.325
026_14,093_13,0.732
027_14,093_13,0.451
028_14,093_13,0.473
076_13,093_13,0.273
077_13,093_13,0.204
078_13,093_13,0.217
079_13,093_13,0.230
080_13,093_13,-0.119
081_13,093_13,0.441
082_13,093_13,-0.272
083_13,093_13,0.087
084_13,093_13,0.374
085_13,093_13,-0.340
086_13,093_13,0.177
087_13,093_13,-0.700
089_13,093_13,-0.113
090_13,093_13,0.257
091_13,093_13,0.460
092_13,093_13,0.391
001_08,094_13,-0.486
002_08,094_13,0.004
003_08,094_13,0.232
004_08,094_13,0.628
005_08,094_13,-0.332
006_08,094_13,-0.014
007_08,094_13,0.359
019_14,094_13,-0.048
020_14,094_13,-0.399
021_14,094_13,-0.660
022_14,094_13,0.334
023_14,094_13,-0.227
024_14,094_13,0.165
025_14,094_13,-0.316
026_14,094_13,0.307
027_14,094_13,0.191
028_14,094_13,0.250
076_13,094_13,-0.098
077_13,094_13,-0.070
078_13,094_13,0.661
079_13,094_13,0.006
080_13,094_13,0.127
081_13,094_13,-0.025
082_13,094_13,0.114
083_13,094_13,0.336
084_13,094_13,-0.024
085_13,094_13,0.023
086_13,094_13,-0.222
087_13,094_13,-0.592
089_13,094_13,-0.186
090_13,094_13,0.118
091_13,094_13,0.051
092_13,094_13,0.120
093_13,094_13,0.215
001_08,095_13,-0.360
002_08,095_13,0.093
003_08,095_13,-0.338
004_08,095_13,-0.517
005_08,095_13,-0.332
006_08,095_13,-0.321
007_08,095_13,0.198
019_14,095_13,0.119
020_14,095_13,0.329
021_14,095_13,0.071
022_14,095_13,-0.068
023_14,095_13,-0.059
024_14,095_13,-0.201
025_14,095_13,0.421
026_14,095_13,-0.218
027_14,095_13,-0.188
028_14,095_13,-0.084
076_13,095_13,-0.412
077_13,095_13,-0.263
078_13,095_13,-0.353
079_13,095_13,0.011
080_13,095_13,-0.269
081_13,095_13,-0.159
082_13,095_13,-0.056
083_13,095_13,-0.317
084_13,095_13,-0.529
085_13,095_13,0.447
086_13,095_13,-0.176
087_13,095_13,0.190
089_13,095_13,-0.355
090_13,095_13,-0.344
091_13,095_13,0.154
092_13,095_13,0.370
093_13,095_13,-0.209
094_13,095_13,-0.468
001_08,096_13,-0.596
002_08,096_13,-0.312
003_08,096_13,0.273
004_08,096_13,0.146
005_08,096_13,-0.375
006_08,096_13,-0.296
007_08,096_13,0.242
019_14,096_13,0.326
020_14,096_13,-0.362
021_14,096_13,-0.811
022_14,096_13,0.488
023_14,096_13,0.055
024_14,096_13,0.132
025_14,096_13,-0.219
026_14,096_13,0.310
027_14,096_13,0.580
028_14,096_13,0.138
076_13,096_13,0.559
077_13,096_13,0.243
078_13,096_13,0.503
079_13,096_13,0.359
080_13,096_13,0.555
081_13,096_13,0.432
082_13,096_13,0.333
083_13,096_13,-0.271
084_13,096_13,0.514
085_13,096_13,-0.707
086_13,096_13,0.028
087_13,096_13,-0.907
089_13,096_13,-0.103
090_13,096_13,0.181
091_13,096_13,0.208
092_13,096_13,0.195
093_13,096_13,-0.313
094_13,096_13,0.303
095_13,096_13,-0.746
001_08,097_13,-0.153
002_08,097_13,-0.150
003_08,097_13,0.284
004_08,097_13,-0.206
005_08,097_13,-0.134
006_08,097_13,-0.248
007_08,097_13,0.099
019_14,097_13,-0.138
020_14,097_13,0.578
021_14,097_13,0.110
022_14,097_13,0.122
023_14,097_13,0.234
024_14,097_13,0.345
025_14,097_13,0.620
026_14,097_13,0.279
027_14,097_13,0.152
028_14,097_13,0.338
076_13,097_13,0.173
077_13,097_13,0.295
078_13,097_13,-0.083
079_13,097_13,0.276
080_13,097_13,0.144
081_13,097_13,0.472
082_13,097_13,-0.017
083_13,097_13,-0.228
084_13,097_13,0.130
085_13,097_13,-0.048
086_13,097_13,-0.174
087_13,097_13,0.157
089_13,097_13,-0.021
090_13,097_13,0.036
091_13,097_13,0.490
092_13,097_13,0.297
093_13,097_13,0.083
094_13,097_13,-0.254
095_13,097_13,0.373
096_13,097_13,-0.132
001_08,098_13,-0.222
002_08,098_13,0.057
003_08,098_13,-0.169
004_08,098_13,-0.460
005_08,098_13,-0.050
006_08,098_13,0.016
007_08,098_13,-0.189
019_14,098_13,-0.641
020_14,098_13,0.073
021_14,098_13,0.455
022_14,098_13,-0.230
023_14,098_13,0.156
024_14,098_13,-0.365
025_14,098_13,0.143
026_14,098_13,-0.102
027_14,098_13,0.342
028_14,098_13,0.220
076_13,098_13,-0.046
077_13,098_13,-0.132
078_13,098_13,-0.180
079_13,098_13,0.427
080_13,098_13,-0.115
081_13,098_13,-0.324
082_13,098_13,0.191
083_13,098_13,-0.369
084_13,098_13,0.053
085_13,098_13,-0.277
086_13,098_13,-0.216
087_13,098_13,-0.072
089_13,098_13,0.396
090_13,098_13,0.339
091_13,098_13,-0.389
092_13,098_13,-0.006
093_13,098_13,-0.371
094_13,098_13,-0.520
095_13,098_13,0.150
096_13,098_13,-0.780
097_13,098_13,0.220
001_08,099_13,0.143
002_08,099_13,-0.133
003_08,099_13,0.365
004_08,099_13,0.021
005_08,099_13,0.277
006_08,099_13,0.134
007_08,099_13,0.381
019_14,099_13,0.433
020_14,099_13,0.055
021_14,099_13,-0.009
022_14,099_13,0.294
023_14,099_13,0.233
024_14,099_13,0.396
025_14,099_13,0.148
026_14,099_13,0.711
027_14,099_13,0.065
028_14,099_13,0.353
076_13,099_13,0.399
077_13,099_13,0.186
078_13,099_13,0.221
079_13,099_13,-0.049
080_13,099_13,0.512
081_13,099_13,0.732
082_13,099_13,0.081
083_13,099_13,0.096
084_13,099_13,0.324
085_13,099_13,-0.163
086_13,099_13,0.235
087_13,099_13,-0.253
089_13,099_13,-0.140
090_13,099_13,-0.028
091_13,099_13,0.721
092_13,099_13,0.487
093_13,099_13,0.500
094_13,099_13,-0.015
095_13,099_13,-0.013
096_13,099_13,0.512
097_13,099_13,0.644
098_13,099_13,-0.172
001_08,100_13,0.660
002_08,100_13,0.093
003_08,100_13,0.447
004_08,100_13,-0.518
005_08,100_13,0.163
006_08,100_13,-0.106
007_08,100_13,-0.195
019_14,100_13,-0.349
020_14,100_13,0.194
021_14,100_13,-0.384
022_14,100_13,-0.060
023_14,100_13,0.069
024_14,100_13,0.154
025_14,100_13,0.324
026_14,100_13,0.263
027_14,100_13,0.297
028_14,100_13,0.150
076_13,100_13,0.604
077_13,100_13,0.638
078_13,100_13,-0.302
079_13,100_13,0.260
080_13,100_13,-0.060
081_13,100_13,0.192
082_13,100_13,-0.357
083_13,100_13,-0.271
084_13,100_13,0.394
085_13,100_13,-0.843
086_13,100_13,0.073
087_13,100_13,-0.229
089_13,100_13,-0.054
090_13,100_13,0.148
091_13,100_13,0.186
092_13,100_13,-0.111
093_13,100_13,0.434
094_13,100_13,-0.298
095_13,100_13,-0.289
096_13,100_13,-0.244
097_13,100_13,0.133
098_13,100_13,-0.292
099_13,100_13,0.376
001_08,102_13,0.055
002_08,102_13,0.898
003_08,102_13,-0.030
004_08,102_13,-0.008
005_08,102_13,0.072
006_08,102_13,0.463
007_08,102_13,0.014
019_14,102_13,0.094
020_14,102_13,-0.658
021_14,102_13,-0.212
022_14,102_13,-0.106
023_14,102_13,-0.220
024_14,102_13,-0.076
025_14,102_13,-0.328
026_14,102_13,-0.255
027_14,102_13,0.002
028_14,102_13,0.162
076_13,102_13,-0.312
077_13,102_13,-0.326
078_13,102_13,-0.040
079_13,102_13,0.240
080_13,102_13,0.016
081_13,102_13,-0.206
082_13,102_13,0.148
083_13,102_13,-0.028
084_13,102_13,-0.212
085_13,102_13,0.078
086_13,102_13,0.007
087_13,102_13,-0.487
089_13,102_13,-0.179
090_13,102_13,-0.054
091_13,102_13,-0.259
092_13,102_13,-0.035
093_13,102_13,0.100
094_13,102_13,-0.052
095_13,102_13,0.136
096_13,102_13,-0.482
097_13,102_13,-0.248
098_13,102_13,0.107
099_13,102_13,-0.186
100_13,102_13,0.002
001_08,103_13,0.404
002_08,103_13,0.434
003_08,103_13,0.114
004_08,103_13,-0.508
005_08,103_13,0.182
006_08,103_13,0.301
007_08,103_13,-0.104
019_14,103_13,-0.345
020_14,103_13,-0.485
021_14,103_13,0.437
022_14,103_13,-0.102
023_14,103_13,-0.116
024_14,103_13,-0.289
025_14,103_13,-0.182
026_14,103_13,0.164
027_14,103_13,0.496
028_14,103_13,0.237
076_13,103_13,0.198
077_13,103_13,-0.032
078_13,103_13,0.107
079_13,103_13,0.453
080_13,103_13,-0.103
081_13,103_13,-0.119
082_13,103_13,0.309
083_13,103_13,0.123
084_13,103_13,0.318
085_13,103_13,-0.869
086_13,103_13,0.246
087_13,103_13,-0.434
089_13,103_13,0.221
090_13,103_13,0.342
091_13,103_13,-0.335
092_13,103_13,0.001
093_13,103_13,0.096
094_13,103_13,-0.234
095_13,103_13,-0.066
096_13,103_13,-0.171
097_13,103_13,-0.083
098_13,103_13,0.638
099_13,103_13,-0.041
100_13,103_13,0.135
102_13,103_13,0.335
001_08,104_13,-0.174
002_08,104_13,-0.521
003_08,104_13,-0.009
004_08,104_13,-0.150
005_08,104_13,-0.273
006_08,104_13,-0.524
007_08,104_13,-0.141
019_14,104_13,0.250
020_14,104_13,0.073
021_14,104_13,-0.475
022_14,104_13,0.037
023_14,104_13,0.023
024_14,104_13,0.082
025_14,104_13,-0.059
026_14,104_13,0.113
027_14,104_13,0.124
028_14,104_13,0.030
076_13,104_13,0.473
077_13,104_13,0.434
078_13,104_13,-0.019
079_13,104_13,0.133
080_13,104_13,0.562
081_13,104_13,0.287
082_13,104_13,-0.169
083_13,104_13,-0.354
084_13,104_13,0.309
085_13,104_13,-0.168
086_13,104_13,-0.167
087_13,104_13,-0.213
089_13,104_13,-0.131
090_13,104_13,-0.033
091_13,104_13,0.293
092_13,104_13,-0.014
093_13,104_13,-0.036
094_13,104_13,-0.295
095_13,104_13,-0.169
096_13,104_13,0.371
097_13,104_13,0.056
098_13,104_13,-0.336
099_13,104_13,0.380
100_13,104_13,0.023
102_13,104_13,-0.409
103_13,104_13,-0.340
001_08,105_13,0.222
002_08,105_13,0.151
003_08,105_13,-0.585
004_08,105_13,-0.410
005_08,105_13,0.174
006_08,105_13,-0.108
007_08,105_13,-0.440
019_14,105_13,-0.540
020_14,105_13,-0.599
021_14,105_13,0.586
022_14,105_13,-0.580
023_14,105_13,-0.099
024_14,105_13,-0.564
025_14,105_13,-0.503
026_14,105_13,-0.300
027_14,105_13,0.118
028_14,105_13,-0.142
076_13,105_13,-0.238
077_13,105_13,-0.332
078_13,105_13,-0.452
079_13,105_13,0.231
080_13,105_13,-0.698
081_13,105_13,0.024
082_13,105_13,0.034
083_13,105_13,0.197
084_13,105_13,0.125
085_13,105_13,-0.876
086_13,105_13,0.329
087_13,105_13,-0.517
089_13,105_13,0.350
090_13,105_13,0.118
091_13,105_13,-0.298
092_13,105_13,-0.135
093_13,105_13,-0.261
094_13,105_13,-0.543
095_13,105_13,-0.270
096_13,105_13,-0.667
097_13,105_13,-0.294
098_13,105_13,0.263
099_13,105_13,-0.200
100_13,105_13,-0.348
102_13,105_13,-0.047
103_13,105_13,0.740
104_13,105_13,-0.438
001_08,106_13,-0.041
002_08,106_13,-0.188
003_08,106_13,0.038
004_08,106_13,-0.116
005_08,106_13,0.123
006_08,106_13,-0.272
007_08,106_13,-0.082
019_14,106_13,-0.162
020_14,106_13,-0.386
021_14,106_13,-0.344
022_14,106_13,-0.214
023_14,106_13,0.153
024_14,106_13,-0.035
025_14,106_13,-0.349
026_14,106_13,0.457
027_14,106_13,0.599
028_14,106_13,0.242
076_13,106_13,0.485
077_13,106_13,0.343
078_13,106_13,0.196
079_13,106_13,0.405
080_13,106_13,0.077
081_13,106_13,0.591
082_13,106_13,0.331
083_13,106_13,-0.367
084_13,106_13,0.787
085_13,106_13,-0.527
086_13,106_13,0.648
087_13,106_13,-0.679
089_13,106_13,0.264
090_13,106_13,0.326
091_13,106_13,0.253
092_13,106_13,0.201
093_13,106_13,0.185
094_13,106_13,-0.160
095_13,106_13,-0.388
096_13,106_13,0.452
097_13,106_13,0.093
098_13,106_13,-0.272
099_13,106_13,0.505
100_13,106_13,0.066
102_13,106_13,-0.399
103_13,106_13,0.076
104_13,106_13,0.458
105_13,106_13,0.120
001_08,236_14,0.172
002_08,236_14,0.140
003_08,236_14,-0.265
004_08,236_14,-0.200
005_08,236_14,-0.007
006_08,236_14,0.120
007_08,236_14,0.320
019_14,236_14,-0.100
020_14,236_14,-0.789
021_14,236_14,0.272
022_14,236_14,-0.181
023_14,236_14,-0.443
024_14,236_14,-0.466
025_14,236_14,-0.596
026_14,236_14,0.235
027_14,236_14,-0.129
028_14,236_14,-0.197
076_13,236_14,-0.165
077_13,236_14,-0.534
078_13,236_14,0.084
079_13,236_14,-0.252
080_13,236_14,-0.199
081_13,236_14,-0.196
082_13,236_14,-0.175
083_13,236_14,0.584
084_13,236_14,-0.040
085_13,236_14,-0.493
086_13,236_14,0.079
087_13,236_14,-0.782
089_13,236_14,-0.381
090_13,236_14,-0.237
091_13,236_14,-0.094
092_13,236_14,0.265
093_13,236_14,0.050
094_13,236_14,0.139
095_13,236_14,-0.538
096_13,236_14,-0.318
097_13,236_14,-0.514
098_13,236_14,-0.057
099_13,236_14,0.091
100_13,236_14,-0.284
102_13,236_14,0.072
103_13,236_14,0.728
104_13,236_14,-0.585
105_13,236_14,0.479
106_13,236_14,-0.238
001_08,237_14,-0.400
002_08,237_14,-0.087
003_08,237_14,-0.542
004_08,237_14,-0.112
005_08,237_14,0.177
006_08,237_14,0.105
007_08,237_14,0.016
019_14,237_14,-0.214
020_14,237_14,0.024
021_14,237_14,0.012
022_14,237_14,-0.003
023_14,237_14,-0.119
024_14,237_14,-0.250
025_14,237_14,0.107
026_14,237_14,-0.025
027_14,237_14,-0.147
028_14,237_14,0.271
076_13,237_14,-0.331
077_13,237_14,-0.355
078_13,237_14,-0.247
079_13,237_14,-0.160
080_13,237_14,-0.026
081_13,237_14,-0.209
082_13,237_14,-0.362
083_13,237_14,-0.135
084_13,237_14,-0.334
085_13,237_14,0.678
086_13,237_14,-0.226
087_13,237_14,0.305
089_13,237_14,-0.282
090_13,237_14,-0.057
091_13,237_14,-0.041
092_13,237_14,0.171
093_13,237_14,-0.110
094_13,237_14,-0.272
095_13,237_14,0.239
096_13,237_14,-0.749
097_13,237_14,0.140
098_13,237_14,0.343
099_13,237_14,0.022
100_13,237_14,-0.339
102_13,237_14,0.184
103_13,237_14,-0.126
104_13,237_14,-0.105
105_13,237_14,-0.350
106_13,237_14,-0.428
236_14,237_14,-0.401
001_08,238_14,0.220
002_08,238_14,0.301
003_08,238_14,0.356
004_08,238_14,-0.192
005_08,238_14,0.215
006_08,238_14,0.392
007_08,238_14,-0.042
019_14,238_14,-0.530
020_14,238_14,-0.636
021_14,238_14,-0.134
022_14,238_14,-0.006
023_14,238_14,-0.293
024_14,238_14,-0.249
025_14,238_14,-0.438
026_14,238_14,0.406
027_14,238_14,0.720
028_14,238_14,0.190
076_13,238_14,0.430
077_13,238_14,-0.040
078_13,238_14,0.344
079_13,238_14,0.386
080_13,238_14,0.033
081_13,238_14,-0.048
082_13,238_14,0.387
083_13,238_14,0.048
084_13,238_14,0.619
085_13,238_14,-0.902
086_13,238_14,0.411
087_13,238_14,-0.771
089_13,238_14,0.208
090_13,238_14,0.393
091_13,238_14,-0.345
092_13,238_14,-0.089
093_13,238_14,0.128
094_13,238_14,0.300
095_13,238_14,-0.822
096_13,238_14,0.180
097_13,238_14,-0.286
098_13,238_14,0.207
099_13,238_14,0.098
100_13,238_14,0.163
102_13,238_14,0.109
103_13,238_14,0.819
104_13,238_14,-0.429
105_13,238_14,0.291
106_13,238_14,0.255
236_14,238_14,0.580
237_14,238_14,-0.506
001_08,239_14,0.401
002_08,239_14,0.032
003_08,239_14,-0.468
004_08,239_14,-0.677
005_08,239_14,0.154
006_08,239_14,-0.175
007_08,239_14,-0.714
019_14,239_14,-0.908
020_14,239_14,-0.528
021_14,239_14,0.323
022_14,239_14,-0.633
023_14,239_14,-0.482
024_14,239_14,-0.845
025_14,239_14,-0.528
026_14,239_14,-0.221
027_14,239_14,0.342
028_14,239_14,-0.202
076_13,239_14,0.119
077_13,239_14,-0.156
078_13,239_14,-0.577
079_13,239_14,0.342
080_13,239_14,-0.784
081_13,239_14,-0.156
082_13,239_14,-0.178
083_13,239_14,0.068
084_13,239_14,0.342
085_13,239_14,-1.006
086_13,239_14,0.162
087_13,239_14,-0.425
089_13,239_14,0.468
090_13,239_14,0.342
091_13,239_14,-0.607
092_13,239_14,-0.498
093_13,239_14,-0.156
094_13,239_14,-0.536
095_13,239_14,-0.691
096_13,239_14,-0.647
097_13,239_14,-0.504
098_13,239_14,0.424
099_13,239_14,-0.438
100_13,239_14,-0.078
102_13,239_14,-0.197
103_13,239_14,0.886
104_13,239_14,-0.444
105_13,239_14,0.881
106_13,239_14,0.071
236_14,239_14,0.430
237_14,239_14,-0.496
238_14,239_14,0.561
001_08,240_14,-0.191
002_08,240_14,0.046
003_08,240_14,-0.449
004_08,240_14,-0.283
005_08,240_14,-0.166
006_08,240_14,-0.004
007_08,240_14,-0.518
019_14,240_14,-0.914
020_14,240_14,-0.407
021_14,240_14,0.057
022_14,240_14,-0.587
023_14,240_14,-0.341
024_14,240_14,-0.527
025_14,240_14,-0.403
026_14,240_14,-0.642
027_14,240_14,-0.037
028_14,240_14,-0.484
076_13,240_14,-0.261
077_13,240_14,-0.404
078_13,240_14,-0.598
079_13,240_14,0.121
080_13,240_14,-0.741
081_13,240_14,-0.462
082_13,240_14,-0.170
083_13,240_14,-0.066
084_13,240_14,-0.176
085_13,240_14,-0.995
086_13,240_14,-0.424
087_13,240_14,-0.272
089_13,240_14,0.362
090_13,240_14,0.050
091_13,240_14,-0.761
092_13,240_14,-0.621
093_13,240_14,-0.628
094_13,240_14,-0.263
095_13,240_14,-0.577
096_13,240_14,-0.966
097_13,240_14,-0.580
098_13,240_14,0.103
099_13,240_14,-0.622
100_13,240_14,-0.395
102_13,240_14,-0.098
103_13,240_14,0.351
104_13,240_14,-0.594
105_13,240_14,0.598
106_13,240_14,-0.545
236_14,240_14,0.033
237_14,240_14,-0.567
238_14,240_14,0.135
239_14,240_14,0.791
001_08,241_14,0.482
002_08,241_14,-0.346
003_08,241_14,0.041
004_08,241_14,-0.402
005_08,241_14,-0.208
006_08,241_14,-0.741
007_08,241_14,-0.480
019_14,241_14,-0.751
020_14,241_14,0.035
021_14,241_14,-0.099
022_14,241_14,-0.075
023_14,241_14,0.073
024_14,241_14,-0.222
025_14,241_14,0.035
026_14,241_14,0.105
027_14,241_14,0.461
028_14,241_14,0.133
076_13,241_14,0.156
077_13,241_14,0.463
078_13,241_14,-0.357
079_13,241_14,0.150
080_13,241_14,-0.467
081_13,241_14,-0.072
082_13,241_14,-0.226
083_13,241_14,0.147
084_13,241_14,0.271
085_13,241_14,-1.196
086_13,241_14,0.379
087_13,241_14,-0.609
089_13,241_14,-0.047
090_13,241_14,0.164
091_13,241_14,0.041
092_13,241_14,-0.102
093_13,241_14,0.014
094_13,241_14,-0.167
095_13,241_14,-0.333
096_13,241_14,-0.319
097_13,241_14,-0.257
098_13,241_14,-0.331
099_13,241_14,-0.013
100_13,241_14,0.260
102_13,241_14,-0.471
103_13,241_14,0.298
104_13,241_14,-0.113
105_13,241_14,0.156
106_13,241_14,0.221
236_14,241_14,-0.095
237_14,241_14,-0.529
238_14,241_14,0.189
239_14,241_14,0.333
240_14,241_14,-0.413
001_08,242_14,-0.427
002_08,242_14,-0.080
003_08,242_14,-0.569
004_08,242_14,0.009
005_08,242_14,-0.442
006_08,242_14,-0.065
007_08,242_14,0.218
019_14,242_14,-0.169
020_14,242_14,-0.568
021_14,242_14,0.289
022_14,242_14,-0.368
023_14,242_14,-0.647
024_14,242_14,-0.517
025_14,242_14,-0.426
026_14,242_14,-0.312
027_14,242_14,-0.747
028_14,242_14,-0.773
076_13,242_14,-0.736
077_13,242_14,-0.952
078_13,242_14,-0.285
079_13,242_14,-0.696
080_13,242_14,-0.470
081_13,242_14,-0.453
082_13,242_14,-0.434
083_13,242_14,0.423
084_13,242_14,-0.558
085_13,242_14,0.084
086_13,242_14,-0.432
087_13,242_14,-0.249
089_13,242_14,-0.628
090_13,242_14,-0.674
091_13,242_14,-0.388
092_13,242_14,-0.016
093_13,242_14,-0.702
094_13,242_14,0.159
095_13,242_14,-0.420
096_13,242_14,-0.657
097_13,242_14,-0.429
098_13,242_14,-0.209
099_13,242_14,-0.232
100_13,242_14,-0.931
102_13,242_14,-0.165
103_13,242_14,0.164
104_13,242_14,-0.850
105_13,242_14,0.011
106_13,242_14,-0.710
236_14,242_14,0.638
237_14,242_14,-0.261
238_14,242_14,0.156
239_14,242_14,-0.092
240_14,242_14,0.043
241_14,242_14,-0.801
001_08,243_14,0.053
002_08,243_14,0.090
003_08,243_14,0.392
004_08,243_14,-0.203
005_08,243_14,-0.053
006_08,243_14,-0.107
007_08,243_14,-0.197
019_14,243_14,-0.135
020_14,243_14,-0.081
021_14,243_14,-0.290
022_14,243_14,-0.001
023_14,243_14,0.164
024_14,243_14,0.179
025_14,243_14,-0.105
026_14,243_14,0.289
027_14,243_14,0.877
028_14,243_14,0.377
076_13,243_14,0.729
077_13,243_14,0.728
078_13,243_14,0.527
079_13,243_14,0.831
080_13,243_14,0.407
081_13,243_14,0.221
082_13,243_14,0.325
083_13,243_14,-0.401
084_13,243_14,0.821
085_13,243_14,-0.618
086_13,243_14,0.072
087_13,243_14,-0.346
089_13,243_14,0.492
090_13,243_14,0.643
091_13,243_14,-0.057
092_13,243_14,-0.077
093_13,243_14,0.242
094_13,243_14,-0.071
095_13,243_14,-0.306
096_13,243_14,0.547
097_13,243_14,0.162
098_13,243_14,0.210
099_13,243_14,0.137
100_13,243_14,0.271
102_13,243_14,-0.047
103_13,243_14,0.303
104_13,243_14,0.489
105_13,243_14,0.109
106_13,243_14,0.638
236_14,243_14,-0.210
237_14,243_14,-0.245
238_14,243_14,0.362
239_14,243_14,0.342
240_14,243_14,-0.020
241_14,243_14,0.024
242_14,243_14,-0.588
001_08,244_14,-0.373
002_08,244_14,-0.175
003_08,244_14,-0.103
004_08,244_14,-0.106
005_08,244_14,0.144
006_08,244_14,-0.106
007_08,244_14,0.057
019_14,244_14,-0.299
020_14,244_14,0.080
021_14,244_14,0.101
022_14,244_14,-0.210
023_14,244_14,0.200
024_14,244_14,0.005
025_14,244_14,0.181
026_14,244_14,0.376
027_14,244_14,0.399
028_14,244_14,0.302
076_13,244_14,0.257
077_13,244_14,0.215
078_13,244_14,0.259
079_13,244_14,0.379
080_13,244_14,-0.048
081_13,244_14,0.463
082_13,244_14,0.148
083_13,244_14,-0.281
084_13,244_14,0.484
085_13,244_14,-0.042
086_13,244_14,0.215
087_13,244_14,0.018
089_13,244_14,0.197
090_13,244_14,0.257
091_13,244_14,0.164
092_13,244_14,0.251
093_13,244_14,0.028
094_13,244_14,-0.176
095_13,244_14,-0.017
096_13,244_14,0.069
097_13,244_14,0.674
098_13,244_14,0.306
099_13,244_14,0.483
100_13,244_14,-0.119
102_13,244_14,-0.434
103_13,244_14,0.003
104_13,244_14,0.050
105_13,244_14,-0.003
106_13,244_14,0.525
236_14,244_14,-0.328
237_14,244_14,0.133
238_14,244_14,-0.005
239_14,244_14,-0.167
240_14,244_14,-0.454
241_14,244_14,-0.329
242_14,244_14,-0.243
243_14,244_14,0.486
001_08,245_14,-0.116
002_08,245_14,-0.012
003_08,245_14,0.509
004_08,245_14,0.432
005_08,245_14,-0.225
006_08,245_14,-0.031
007_08,245_14,-0.027
019_14,245_14,-0.323
020_14,245_14,-0.134
021_14,245_14,-0.573
022_14,245_14,0.438
023_14,245_14,-0.142
024_14,245_14,0.150
025_14,245_14,-0.132
026_14,245_14,0.063
027_14,245_14,0.296
028_14,245_14,0.107
076_13,245_14,0.220
077_13,245_14,0.191
078_13,245_14,0.359
079_13,245_14,0.177
080_13,245_14,0.250
081_13,245_14,-0.232
082_13,245_14,0.100
083_13,245_14,0.036
084_13,245_14,0.272
085_13,245_14,-0.409
086_13,245_14,-0.034
087_13,245_14,-0.468
089_13,245_14,0.075
090_13,245_14,0.204
091_13,245_14,-0.071
092_13,245_14,-0.166
093_13,245_14,-0.097
094_13,245_14,0.704
095_13,245_14,-0.613
096_13,245_14,0.464
097_13,245_14,-0.274
098_13,245_14,-0.422
099_13,245_14,-0.124
100_13,245_14,-0.038
102_13,245_14,-0.070
103_13,245_14,-0.081
104_13,245_14,-0.224
105_13,245_14,-0.448
106_13,245_14,-0.058
236_14,245_14,-0.022
237_14,245_14,-0.513
238_14,245_14,0.494
239_14,245_14,-0.237
240_14,245_14,-0.116
241_14,245_14,0.109
242_14,245_14,-0.071
243_14,245_14,0.097
244_14,245_14,-0.313
001_08,246_14,0.204
002_08,246_14,0.041
003_08,246_14,-0.169
004_08,246_14,-0.397
005_08,246_14,-0.319
006_08,246_14,-0.289
007_08,246_14,-0.374
019_14,246_14,-0.562
020_14,246_14,-0.313
021_14,246_14,0.286
022_14,246_14,0.028
023_14,246_14,-0.096
024_14,246_14,-0.470
025_14,246_14,-0.310
026_14,246_14,-0.118
027_14,246_14,0.257
028_14,246_14,-0.105
076_13,246_14,0.055
077_13,246_14,-0.160
078_13,246_14,-0.181
079_13,246_14,0.149
080_13,246_14,-0.259
081_13,246_14,-0.495
082_13,246_14,-0.082
083_13,246_14,0.293
084_13,246_14,0.020
085_13,246_14,-1.066
086_13,246_14,-0.201
087_13,246_14,-0.463
089_13,246_14,0.133
090_13,246_14,0.275
091_13,246_14,-0.471
092_13,246_14,-0.314
093_13,246_14,-0.200
094_13,246_14,-0.143
095_13,246_14,-0.477
096_13,246_14,-0.440
097_13,246_14,-0.514
098_13,246_14,0.247
099_13,246_14,-0.273
100_13,246_14,-0.131
102_13,246_14,-0.023
103_13,246_14,0.710
104_13,246_14,-0.389
105_13,246_14,0.351
106_13,246_14,-0.383
236_14,246_14,0.458
237_14,246_14,-0.382
238_14,246_14,0.464
239_14,246_14,0.616
240_14,246_14,0.286
241_14,246_14,0.161
242_14,246_14,-0.011
243_14,246_14,0.063
244_14,246_14,-0.531
245_14,246_14,0.050
001_08,247_14,0.184
002_08,247_14,0.529
003_08,247_14,-0.242
004_08,247_14,-0.194
005_08,247_14,0.198
006_08,247_14,0.299
007_08,247_14,0.359
019_14,247_14,0.034
020_14,247_14,-0.971
021_14,247_14,0.119
022_14,247_14,-0.166
023_14,247_14,-0.305
024_14,247_14,-0.460
025_14,247_14,-0.598
026_14,247_14,0.134
027_14,247_14,-0.068
028_14,247_14,-0.152
076_13,247_14,-0.252
077_13,247_14,-0.607
078_13,247_14,0.105
079_13,247_14,-0.096
080_13,247_14,-0.188
081_13,247_14,-0.291
082_13,247_14,-0.008
083_13,247_14,0.171
084_13,247_14,0.000
085_13,247_14,-0.379
086_13,247_14,0.379
087_13,247_14,-0.831
089_13,247_14,-0.264
090_13,247_14,-0.220
091_13,247_14,-0.065
092_13,247_14,0.425
093_13,247_14,0.091
094_13,247_14,0.020
095_13,247_14,-0.227
096_13,247_14,-0.364
097_13,247_14,-0.499
098_13,247_14,-0.082
099_13,247_14,0.009
100_13,247_14,-0.204
102_13,247_14,0.464
103_13,247_14,0.638
104_13,247_14,-0.694
105_13,247_14,0.338
106_13,247_14,-0.204
236_14,247_14,0.856
237_14,247_14,-0.276
238_14,247_14,0.556
239_14,247_14,0.164
240_14,247_14,-0.207
241_14,247_14,-0.245
242_14,247_14,0.459
243_14,247_14,-0.205
244_14,247_14,-0.374
245_14,247_14,0.003
246_14,247_14,0.194
001_08,248_14,0.303
002_08,248_14,-0.159
003_08,248_14,0.091
004_08,248_14,-0.307
005_08,248_14,0.312
006_08,248_14,0.125
007_08,248_14,0.045
019_14,248_14,0.037
020_14,248_14,-0.603
021_14,248_14,-0.033
022_14,248_14,-0.177
023_14,248_14,-0.187
024_14,248_14,-0.135
025_14,248_14,-0.307
026_14,248_14,0.601
027_14,248_14,0.177
028_14,248_14,0.275
076_13,248_14,0.365
077_13,248_14,-0.130
078_13,248_14,-0.083
079_13,248_14,-0.034
080_13,248_14,0.281
081_13,248_14,0.601
082_13,248_14,-0.020
083_13,248_14,0.003
084_13,248_14,0.416
085_13,248_14,-0.670
086_13,248_14,0.310
087_13,248_14,-0.619
089_13,248_14,-0.163
090_13,248_14,-0.015
091_13,248_14,0.267
092_13,248_14,0.200
093_13,248_14,0.409
094_13,248_14,-0.245
095_13,248_14,-0.313
096_13,248_14,0.072
097_13,248_14,0.140
098_13,248_14,0.054
099_13,248_14,0.708
100_13,248_14,0.273
102_13,248_14,-0.109
103_13,248_14,0.377
104_13,248_14,0.376
105_13,248_14,0.100
106_13,248_14,0.468
236_14,248_14,0.466
237_14,248_14,-0.001
238_14,248_14,0.506
239_14,248_14,0.303
240_14,248_14,-0.395
241_14,248_14,0.102
242_14,248_14,-0.222
243_14,248_14,0.191
244_14,248_14,0.091
245_14,248_14,-0.264
246_14,248_14,0.025
247_14,248_14,0.147
001_08,249_14,0.118
002_08,249_14,0.092
003_08,249_14,-0.356
004_08,249_14,-0.275
005_08,249_14,0.312
006_08,249_14,-0.173
007_08,249_14,0.220
019_14,249_14,-0.240
020_14,249_14,-0.592
021_14,249_14,-0.439
022_14,249_14,-0.415
023_14,249_14,-0.088
024_14,249_14,-0.413
025_14,249_14,-0.280
026_14,249_14,0.266
027_14,249_14,0.283
028_14,249_14,0.127
076_13,249_14,0.150
077_13,249_14,0.011
078_13,249_14,-0.173
079_13,249_14,0.144
080_13,249_14,-0.481
081_13,249_14,0.206
082_13,249_14,-0.075
083_13,249_14,-0.298
084_13,249_14,0.267
085_13,249_14,-0.340
086_13,249_14,0.680
087_13,249_14,-0.631
089_13,249_14,-0.058
090_13,249_14,0.009
091_13,249_14,0.345
092_13,249_14,0.450
093_13,249_14,0.404
094_13,249_14,-0.179
095_13,249_14,-0.012
096_13,249_14,-0.369
097_13,249_14,-0.269
098_13,249_14,-0.516
099_13,249_14,0.123
100_13,249_14,0.254
102_13,249_14,-0.016
103_13,249_14,0.023
104_13,249_14,-0.125
105_13,249_14,-0.035
106_13,249_14,0.384
236_14,249_14,-0.135
237_14,249_14,-0.389
238_14,249_14,-0.040
239_14,249_14,-0.156
240_14,249_14,-0.566
241_14,249_14,0.212
242_14,249_14,-0.892
243_14,249_14,0.016
244_14,249_14,-0.164
245_14,249_14,-0.199
246_14,249_14,-0.469
247_14,249_14,0.107
248_14,249_14,0.094
001_08,250_14,0.057
002_08,250_14,0.001
003_08,250_14,0.450
004_08,250_14,0.165
005_08,250_14,0.071
006_08,250_14,0.017
007_08,250_14,-0.125
019_14,250_14,-0.460
020_14,250_14,-0.266
021_14,250_14,-0.358
022_14,250_14,0.003
023_14,250_14,0.204
024_14,250_14,0.062
025_14,250_14,-0.363
026_14,250_14,0.366
027_14,250_14,0.619
028_14,250_14,0.170
076_13,250_14,0.515
077_13,250_14,0.257
078_13,250_14,0.291
079_13,250_14,0.417
080_13,250_14,0.172
081_13,250_14,0.175
082_13,250_14,0.384
083_13,250_14,-0.381
084_13,250_14,0.780
085_13,250_14,-0.610
086_13,250_14,0.321
087_13,250_14,-0.644
089_13,250_14,0.605
090_13,250_14,0.573
091_13,250_14,-0.052
092_13,250_14,-0.072
093_13,250_14,0.123
094_13,250_14,0.241
095_13,250_14,-0.779
096_13,250_14,0.380
097_13,250_14,-0.104
098_13,250_14,-0.032
099_13,250_14,0.195
100_13,250_14,0.163
102_13,250_14,-0.178
103_13,250_14,0.206
104_13,250_14,-0.039
105_13,250_14,-0.080
106_13,250_14,0.492
236_14,250_14,0.012
237_14,250_14,-0.551
238_14,250_14,0.723
239_14,250_14,0.157
240_14,250_14,-0.052
241_14,250_14,0.011
242_14,250_14,-0.321
243_14,250_14,0.527
244_14,250_14,0.136
245_14,250_14,0.560
246_14,250_14,0.068
247_14,250_14,0.048
248_14,250_14,0.247
249_14,250_14,0.003
001_08,251_14,-0.107
002_08,251_14,0.361
003_08,251_14,-0.374
004_08,251_14,0.004
005_08,251_14,-0.085
006_08,251_14,0.116
007_08,251_14,0.230
019_14,251_14,0.208
020_14,251_14,-0.447
021_14,251_14,-0.342
022_14,251_14,0.008
023_14,251_14,-0.217
024_14,251_14,-0.099
025_14,251_14,-0.325
026_14,251_14,-0.140
027_14,251_14,-0.390
028_14,251_14,-0.142
076_13,251_14,-0.555
077_13,251_14,-0.486
078_13,251_14,-0.080
079_13,251_14,-0.349
080_13,251_14,-0.160
081_13,251_14,-0.400
082_13,251_14,-0.347
083_13,251_14,0.087
084_13,251_14,-0.542
085_13,251_14,0.453
086_13,251_14,-0.212
087_13,251_14,-0.201
089_13,251_14,-0.569
090_13,251_14,-0.260
091_13,251_14,-0.145
092_13,251_14,0.179
093_13,251_14,0.058
094_13,251_14,0.062
095_13,251_14,-0.003
096_13,251_14,-0.728
097_13,251_14,-0.559
098_13,251_14,-0.298
099_13,251_14,-0.174
100_13,251_14,-0.177
102_13,251_14,0.539
103_13,251_14,-0.113
104_13,251_14,-0.396
105_13,251_14,-0.464
106_13,251_14,-0.667
236_14,251_14,0.030
237_14,251_14,0.415
238_14,251_14,-0.353
239_14,251_14,-0.608
240_14,251_14,-0.544
241_14,251_14,-0.512
242_14,251_14,-0.012
243_14,251_14,-0.430
244_14,251_14,-0.563
245_14,251_14,-0.279
246_14,251_14,-0.251
247_14,251_14,0.299
248_14,251_14,-0.237
249_14,251_14,-0.216
250_14,251_14,-0.534
001_08,252_14,-0.030
002_08,252_14,0.086
003_08,252_14,-0.301
004_08,252_14,-0.261
005_08,252_14,0.325
006_08,252_14,0.071
007_08,252_14,0.333
019_14,252_14,-0.025
020_14,252_14,-0.553
021_14,252_14,-0.397
022_14,252_14,-0.068
023_14,252_14,-0.083
024_14,252_14,-0.365
025_14,252_14,-0.258
026_14,252_14,0.574
027_14,252_14,0.459
028_14,252_14,0.317
076_13,252_14,0.450
077_13,252_14,0.220
078_13,252_14,0.438
079_13,252_14,0.255
080_13,252_14,-0.069
081_13,252_14,0.050
082_13,252_14,-0.214
083_13,252_14,-0.009
084_13,252_14,0.391
085_13,252_14,-0.340
086_13,252_14,0.210
087_13,252_14,-0.481
089_13,252_14,-0.063
090_13,252_14,0.283
091_13,252_14,0.181
092_13,252_14,0.408
093_13,252_14,0.620
094_13,252_14,0.109
095_13,252_14,-0.302
096_13,252_14,-0.024
097_13,252_14,-0.225
098_13,252_14,-0.304
099_13,252_14,0.238
100_13,252_14,0.278
102_13,252_14,-0.006
103_13,252_14,0.130
104_13,252_14,0.015
105_13,252_14,-0.211
106_13,252_14,0.219
236_14,252_14,0.070
237_14,252_14,-0.051
238_14,252_14,0.144
239_14,252_14,-0.156
240_14,252_14,-0.536
241_14,252_14,-0.124
242_14,252_14,-0.655
243_14,252_14,0.400
244_14,252_14,0.249
245_14,252_14,-0.188
246_14,252_14,-0.142
247_14,252_14,0.133
248_14,252_14,0.109
249_14,252_14,0.437
250_14,252_14,0.006
251_14,252_14,0.108
001_08,253_14,-0.027
002_08,253_14,-0.172
003_08,253_14,0.376
004_08,253_14,0.013
005_08,253_14,0.136
006_08,253_14,0.074
007_08,253_14,0.044
019_14,253_14,-0.435
020_14,253_14,-0.121
021_14,253_14,-0.456
022_14,253_14,0.467
023_14,253_14,0.042
024_14,253_14,0.127
025_14,253_14,0.033
026_14,253_14,0.192
027_14,253_14,0.472
028_14,253_14,0.101
076_13,253_14,0.619
077_13,253_14,0.337
078_13,253_14,0.207
079_13,253_14,0.300
080_13,253_14,0.244
081_13,253_14,-0.195
082_13,253_14,0.076
083_13,253_14,-0.348
084_13,253_14,0.544
085_13,253_14,-0.690
086_13,253_14,0.167
087_13,253_14,-0.170
089_13,253_14,0.273
090_13,253_14,0.451
091_13,253_14,0.013
092_13,253_14,-0.008
093_13,253_14,-0.138
094_13,253_14,0.205
095_13,253_14,-0.641
096_13,253_14,0.444
097_13,253_14,-0.198
098_13,253_14,-0.254
099_13,253_14,0.059
100_13,253_14,0.235
102_13,253_14,-0.254
103_13,253_14,0.086
104_13,253_14,-0.094
105_13,253_14,-0.324
106_13,253_14,0.176
236_14,253_14,-0.095
237_14,253_14,-0.406
238_14,253_14,0.555
239_14,253_14,-0.107
240_14,253_14,-0.210
241_14,253_14,0.068
242_14,253_14,-0.464
243_14,253_14,0.310
244_14,253_14,-0.120
245_14,253_14,0.664
246_14,253_14,0.009
247_14,253_14,-0.038
248_14,253_14,-0.064
249_14,253_14,0.060
250_14,253_14,0.625
251_14,253_14,-0.391
252_14,253_14,0.071
001_08,254_14,0.069
002_08,254_14,-0.246
003_08,254_14,0.772
004_08,254_14,0.117
005_08,254_14,-0.177
006_08,254_14,-0.177
007_08,254_14,0.060
019_14,254_14,-0.443
020_14,254_14,0.300
021_14,254_14,-0.418
022_14,254_14,0.472
023_14,254_14,0.682
024_14,254_14,0.382
025_14,254_14,0.273
026_14,254_14,0.398
027_14,254_14,0.675
028_14,254_14,0.294
076_13,254_14,0.630
077_13,254_14,0.581
078_13,254_14,0.299
079_13,254_14,0.395
080_13,254_14,0.351
081_13,254_14,-0.057
082_13,254_14,0.363
083_13,254_14,-0.388
084_13,254_14,0.542
085_13,254_14,-0.810
086_13,254_14,-0.047
087_13,254_14,-0.594
089_13,254_14,0.463
090_13,254_14,0.579
091_13,254_14,0.099
092_13,254_14,0.060
093_13,254_14,-0.084
094_13,254_14,0.284
095_13,254_14,-0.701
096_13,254_14,0.281
097_13,254_14,0.068
098_13,254_14,0.010
099_13,254_14,0.359
100_13,254_14,0.509
102_13,254_14,-0.381
103_13,254_14,0.053
104_13,254_14,-0.083
105_13,254_14,-0.657
106_13,254_14,0.155
236_14,254_14,-0.252
237_14,254_14,-0.558
238_14,254_14,0.360
239_14,254_14,-0.416
240_14,254_14,-0.520
241_14,254_14,0.264
242_14,254_14,-0.635
243_14,254_14,0.377
244_14,254_14,-0.006
245_14,254_14,0.623
246_14,254_14,0.144
247_14,254_14,-0.271
248_14,254_14,0.002
249_14,254_14,-0.366
250_14,254_14,0.722
251_14,254_14,-0.425
252_14,254_14,-0.056
253_14,254_14,0.634
001_08,255_14,0.294
002_08,255_14,0.553
003_08,255_14,0.078
004_08,255_14,-0.281
005_08,255_14,-0.120
006_08,255_14,0.105
007_08,255_14,-0.359
019_14,255_14,-0.387
020_14,255_14,-0.665
021_14,255_14,-0.025
022_14,255_14,-0.292
023_14,255_14,-0.165
024_14,255_14,-0.276
025_14,255_14,-0.637
026_14,255_14,-0.049
027_14,255_14,0.352
028_14,255_14,-0.167
076_13,255_14,0.126
077_13,255_14,-0.229
078_13,255_14,-0.090
079_13,255_14,0.316
080_13,255_14,-0.185
081_13,255_14,-0.160
082_13,255_14,0.232
083_13,255_14,-0.084
084_13,255_14,0.318
085_13,255_14,-0.731
086_13,255_14,0.074
087_13,255_14,-0.679
089_13,255_14,0.293
090_13,255_14,0.349
091_13,255_14,-0.564
092_13,255_14,-0.399
093_13,255_14,0.056
094_13,255_14,-0.108
095_13,255_14,-0.585
096_13,255_14,-0.321
097_13,255_14,-0.459
098_13,255_14,0.193
099_13,255_14,-0.134
100_13,255_14,0.106
102_13,255_14,0.393
103_13,255_14,0.710
104_13,255_14,-0.382
105_13,255_14,0.300
106_13,255_14,-0.067
236_14,255_14,0.423
237_14,255_14,-0.482
238_14,255_14,0.721
239_14,255_14,0.593
240_14,255_14,0.331
241_14,255_14,-0.223
242_14,255_14,0.032
243_14,255_14,0.326
244_14,255_14,-0.331
245_14,255_14,0.102
246_14,255_14,0.520
247_14,255_14,0.433
248_14,255_14,0.225
249_14,255_14,-0.235
250_14,255_14,0.509
251_14,255_14,-0.100
252_14,255_14,-0.056
253_14,255_14,0.078
254_14,255_14,0.116
001_08,256_14,-0.036
002_08,256_14,0.322
003_08,256_14,-0.298
004_08,256_14,0.151
005_08,256_14,-0.308
006_08,256_14,-0.115
007_08,256_14,0.404
019_14,256_14,0.430
020_14,256_14,-0.319
021_14,256_14,0.079
022_14,256_14,0.206
023_14,256_14,-0.183
024_14,256_14,-0.029
025_14,256_14,-0.190
026_14,256_14,-0.073
027_14,256_14,-0.471
028_14,256_14,-0.060
076_13,256_14,-0.532
077_13,256_14,-0.441
078_13,256_14,0.017
079_13,256_14,-0.335
080_13,256_14,-0.082
081_13,256_14,-0.169
082_13,256_14,-0.312
083_13,256_14,0.701
084_13,256_14,-0.648
085_13,256_14,0.132
086_13,256_14,-0.299
087_13,256_14,-0.412
089_13,256_14,-0.694
090_13,256_14,-0.464
091_13,256_14,0.275
092_13,256_14,0.347
093_13,256_14,0.167
094_13,256_14,0.227
095_13,256_14,0.183
096_13,256_14,-0.431
097_13,256_14,-0.211
098_13,256_14,-0.394
099_13,256_14,0.085
100_13,256_14,-0.255
102_13,256_14,0.385
103_13,256_14,0.017
104_13,256_14,-0.401
105_13,256_14,-0.136
106_13,256_14,-0.645
236_14,256_14,0.405
237_14,256_14,-0.013
238_14,256_14,-0.308
239_14,256_14,-0.446
240_14,256_14,-0.380
241_14,256_14,-0.288
242_14,256_14,0.267
243_14,256_14,-0.536
244_14,256_14,-0.537
245_14,256_14,-0.140
246_14,256_14,0.023
247_14,256_14,0.400
248_14,256_14,-0.187
249_14,256_14,-0.136
250_14,256_14,-0.640
251_14,256_14,0.500
252_14,256_14,0.050
253_14,256_14,-0.487
254_14,256_14,-0.527
255_14,256_14,-0.177
001_08,257_14,-0.104
002_08,257_14,0.100
003_08,257_14,0.228
004_08,257_14,0.252
005_08,257_14,-0.338
006_08,257_14,-0.019
007_08,257_14,-0.201
019_14,257_14,-0.434
020_14,257_14,-0.556
021_14,257_14,-0.329
022_14,257_14,-0.013
023_14,257_14,-0.232
024_14,257_14,-0.097
025_14,257_14,-0.629
026_14,257_14,0.073
027_14,257_14,0.300
028_14,257_14,-0.146
076_13,257_14,0.117
077_13,257_14,-0.205
078_13,257_14,0.222
079_13,257_14,0.093
080_13,257_14,-0.013
081_13,257_14,-0.124
082_13,257_14,0.223
083_13,257_14,0.142
084_13,257_14,0.279
085_13,257_14,-0.609
086_13,257_14,-0.125
087_13,257_14,-0.679
089_13,257_14,0.177
090_13,257_14,0.311
091_13,257_14,-0.483
092_13,257_14,-0.424
093_13,257_14,-0.086
094_13,257_14,0.512
095_13,257_14,-0.948
096_13,257_14,0.100
097_13,257_14,-0.526
098_13,257_14,-0.164
099_13,257_14,-0.113
100_13,257_14,-0.165
102_13,257_14,-0.057
103_13,257_14,0.272
104_13,257_14,-0.302
105_13,257_14,-0.076
106_13,257_14,-0.047
236_14,257_14,0.380
237_14,257_14,-0.603
238_14,257_14,0.751
239_14,257_14,0.269
240_14,257_14,0.238
241_14,257_14,-0.173
242_14,257_14,0.265
243_14,257_14,0.197
244_14,257_14,-0.289
245_14,257_14,0.603
246_14,257_14,0.376
247_14,257_14,0.146
248_14,257_14,0.091
249_14,257_14,-0.482
250_14,257_14,0.673
251_14,257_14,-0.263
252_14,257_14,-0.175
253_14,257_14,0.318
254_14,257_14,0.441
255_14,257_14,0.676
256_14,257_14,-0.243
001_08,258_14,0.035
002_08,258_14,-0.435
003_08,258_14,0.260
004_08,258_14,0.075
005_08,258_14,-0.224
006_08,258_14,-0.489
007_08,258_14,0.306
019_14,258_14,0.071
020_14,258_14,0.618
021_14,258_14,-0.239
022_14,258_14,0.122
023_14,258_14,0.551
024_14,258_14,0.461
025_14,258_14,0.434
026_14,258_14,0.231
027_14,258_14,-0.063
028_14,258_14,0.147
076_13,258_14,0.270
077_13,258_14,0.541
078_13,258_14,-0.060
079_13,258_14,0.022
080_13,258_14,0.143
081_13,258_14,0.294
082_13,258_14,-0.242
083_13,258_14,-0.156
084_13,258_14,-0.008
085_13,258_14,-0.075
086_13,258_14,-0.353
087_13,258_14,-0.085
089_13,258_14,0.002
090_13,258_14,0.036
091_13,258_14,0.652
092_13,258_14,0.350
093_13,258_14,0.242
094_13,258_14,-0.074
095_13,258_14,-0.016
096_13,258_14,-0.110
097_13,258_14,0.303
098_13,258_14,-0.309
099_13,258_14,0.419
100_13,258_14,0.431
102_13,258_14,-0.412
103_13,258_14,-0.445
104_13,258_14,0.288
105_13,258_14,-0.559
106_13,258_14,-0.037
236_14,258_14,-0.437
237_14,258_14,-0.194
238_14,258_14,-0.545
239_14,258_14,-0.658
240_14,258_14,-0.508
241_14,258_14,-0.028
242_14,258_14,-0.686
243_14,258_14,0.036
244_14,258_14,-0.031
245_14,258_14,-0.202
246_14,258_14,-0.394
247_14,258_14,-0.546
248_14,258_14,-0.005
249_14,258_14,0.121
250_14,258_14,-0.080
251_14,258_14,-0.180
252_14,258_14,0.125
253_14,258_14,-0.023
254_14,258_14,0.412
255_14,258_14,-0.487
256_14,258_14,-0.012
257_14,258_14,-0.407
001_08,259_14,-0.216
002_08,259_14,-0.305
003_08,259_14,-0.662
004_08,259_14,0.012
005_08,259_14,-0.045
006_08,259_14,-0.481
007_08,259_14,0.277
019_14,259_14,0.113
020_14,259_14,-0.541
021_14,259_14,0.051
022_14,259_14,-0.224
023_14,259_14,0.035
024_14,259_14,-0.359
025_14,259_14,-0.474
026_14,259_14,0.318
027_14,259_14,0.048
028_14,259_14,0.069
076_13,259_14,-0.174
077_13,259_14,-0.174
078_13,259_14,0.161
079_13,259_14,-0.142
080_13,259_14,-0.268
081_13,259_14,0.265
082_13,259_14,-0.076
083_13,259_14,0.344
084_13,259_14,0.056
085_13,259_14,-0.129
086_13,259_14,0.413
087_13,259_14,-0.663
089_13,259_14,-0.288
090_13,259_14,-0.141
091_13,259_14,0.387
092_13,259_14,0.560
093_13,259_14,0.147
094_13,259_14,-0.033
095_13,259_14,-0.126
096_13,259_14,-0.059
097_13,259_14,-0.243
098_13,259_14,-0.434
099_13,259_14,0.297
100_13,259_14,-0.447
102_13,259_14,-0.404
103_13,259_14,-0.007
104_13,259_14,0.132
105_13,259_14,0.266
106_13,259_14,0.438
236_14,259_14,0.219
237_14,259_14,-0.175
238_14,259_14,-0.213
239_14,259_14,-0.083
240_14,259_14,-0.641
241_14,259_14,0.182
242_14,259_14,-0.185
243_14,259_14,-0.014
244_14,259_14,0.198
245_14,259_14,-0.415
246_14,259_14,-0.259
247_14,259_14,0.077
248_14,259_14,0.200
249_14,259_14,0.345
250_14,259_14,-0.290
251_14,259_14,-0.161
252_14,259_14,0.351
253_14,259_14,-0.388
254_14,259_14,-0.531
255_14,259_14,-0.479
256_14,259_14,0.168
257_14,259_14,-0.399
258_14,259_14,-0.040
001_08,260_14,0.372
002_08,260_14,0.044
003_08,260_14,-0.271
004_08,260_14,-0.196
005_08,260_14,-0.019
006_08,260_14,-0.238
007_08,260_14,-0.275
019_14,260_14,-0.393
020_14,260_14,-0.437
021_14,260_14,0.421
022_14,260_14,-0.315
023_14,260_14,0.020
024_14,260_14,-0.299
025_14,260_14,-0.517
026_14,260_14,0.267
027_14,260_14,0.261
028_14,260_14,0.066
076_13,260_14,0.068
077_13,260_14,-0.140
078_13,260_14,-0.131
079_13,260_14,0.044
080_13,260_14,-0.360
081_13,260_14,0.209
082_13,260_14,-0.065
083_13,260_14,0.493
084_13,260_14,0.242
085_13,260_14,-0.744
086_13,260_14,0.133
087_13,260_14,-0.558
089_13,260_14,0.128
090_13,260_14,0.274
091_13,260_14,-0.121
092_13,260_14,-0.125
093_13,260_14,0.316
094_13,260_14,-0.140
095_13,260_14,-0.574
096_13,260_14,-0.367
097_13,260_14,-0.195
098_13,260_14,0.143
099_13,260_14,0.224
100_13,260_14,0.056
102_13,260_14,-0.125
103_13,260_14,0.600
104_13,260_14,-0.190
105_13,260_14,0.618
106_13,260_14,0.141
236_14,260_14,0.603
237_14,260_14,-0.250
238_14,260_14,0.471
239_14,260_14,0.735
240_14,260_14,0.182
241_14,260_14,0.211
242_14,260_14,0.089
243_14,260_14,0.154
244_14,260_14,0.040
245_14,260_14,-0.263
246_14,260_14,0.556
247_14,260_14,0.229
248_14,260_14,0.519
249_14,260_14,-0.104
250_14,260_14,0.194
251_14,260_14,-0.236
252_14,260_14,0.195
253_14,260_14,-0.217
254_14,260_14,-0.069
255_14,260_14,0.533
256_14,260_14,0.044
257_14,260_14,0.375
258_14,260_14,-0.147
259_14,260_14,0.274
001_08,261_14,0.437
002_08,261_14,0.056
003_08,261_14,0.085
004_08,261_14,-0.226
005_08,261_14,0.442
006_08,261_14,0.109
007_08,261_14,0.027
019_14,261_14,-0.269
020_14,261_14,-0.507
021_14,261_14,0.207
022_14,261_14,-0.192
023_14,261_14,0.035
024_14,261_14,-0.148
025_14,261_14,-0.334
026_14,261_14,0.598
027_14,261_14,0.441
028_14,261_14,0.270
076_13,261_14,0.359
077_13,261_14,0.039
078_13,261_14,0.078
079_13,261_14,0.169
080_13,261_14,-0.039
081_13,261_14,0.462
082_13,261_14,0.079
083_13,261_14,0.094
084_13,261_14,0.653
085_13,261_14,-0.872
086_13,261_14,0.639
087_13,261_14,-0.675
089_13,261_14,0.143
090_13,261_14,0.203
091_13,261_14,0.256
092_13,261_14,0.296
093_13,261_14,0.400
094_13,261_14,-0.155
095_13,261_14,-0.491
096_13,261_14,0.099
097_13,261_14,0.128
098_13,261_14,0.037
099_13,261_14,0.599
100_13,261_14,0.263
102_13,261_14,-0.130
103_13,261_14,0.576
104_13,261_14,-0.110
105_13,261_14,0.512
106_13,261_14,0.593
236_14,261_14,0.540
237_14,261_14,-0.278
238_14,261_14,0.704
239_14,261_14,0.516
240_14,261_14,-0.232
241_14,261_14,0.269
242_14,261_14,-0.053
243_14,261_14,0.289
244_14,261_14,0.378
245_14,261_14,-0.054
246_14,261_14,0.128
247_14,261_14,0.433
248_14,261_14,0.734
249_14,261_14,0.265
250_14,261_14,0.492
251_14,261_14,-0.390
252_14,261_14,0.258
253_14,261_14,0.192
254_14,261_14,0.194
255_14,261_14,0.343
256_14,261_14,-0.208
257_14,261_14,0.188
258_14,261_14,-0.150
259_14,261_14,0.317
260_14,261_14,0.634
001_08,262_14,-0.145
002_08,262_14,0.503
003_08,262_14,0.049
004_08,262_14,-0.058
005_08,262_14,0.249
006_08,262_14,0.428
007_08,262_14,0.598
019_14,262_14,0.119
020_14,262_14,-0.812
021_14,262_14,-0.370
022_14,262_14,0.227
023_14,262_14,-0.205
024_14,262_14,-0.224
025_14,262_14,-0.389
026_14,262_14,0.674
027_14,262_14,0.583
028_14,262_14,0.421
076_13,262_14,0.037
077_13,262_14,-0.293
078_13,262_14,0.616
079_13,262_14,0.152
080_13,262_14,0.088
081_13,262_14,-0.064
082_13,262_14,0.235
083_13,262_14,0.108
084_13,262_14,0.143
085_13,262_14,-0.346
086_13,262_14,0.263
087_13,262_14,-0.869
089_13,262_14,-0.183
090_13,262_14,0.182
091_13,262_14,0.076
092_13,262_14,0.593
093_13,262_14,0.592
094_13,262_14,0.535
095_13,262_14,-0.080
096_13,262_14,0.004
097_13,262_14,-0.169
098_13,262_14,-0.085
099_13,262_14,0.276
100_13,262_14,-0.005
102_13,262_14,0.427
103_13,262_14,0.420
104_13,262_14,-0.528
105_13,262_14,-0.370
106_13,262_14,-0.054
236_14,262_14,0.474
237_14,262_14,-0.001
238_14,262_14,0.536
239_14,262_14,-0.564
240_14,262_14,-0.581
241_14,262_14,-0.243
242_14,262_14,0.061
243_14,262_14,0.023
244_14,262_14,-0.037
245_14,262_14,0.187
246_14,262_14,0.110
247_14,262_14,0.645
248_14,262_14,0.163
249_14,262_14,0.182
250_14,262_14,0.140
251_14,262_14,0.389
252_14,262_14,0.604
253_14,262_14,0.050
254_14,262_14,0.077
255_14,262_14,0.236
256_14,262_14,0.350
257_14,262_14,0.201
258_14,262_14,-0.305
259_14,262_14,0.098
260_14,262_14,0.092
261_14,262_14,0.329
001_08,263_14,0.114
002_08,263_14,0.178
003_08,263_14,0.042
004_08,263_14,0.457
005_08,263_14,-0.020
006_08,263_14,-0.101
007_08,263_14,0.148
019_14,263_14,-0.009
020_14,263_14,-0.515
021_14,263_14,0.062
022_14,263_14,-0.209
023_14,263_14,0.034
024_14,263_14,0.267
025_14,263_14,-0.465
026_14,263_14,0.186
027_14,263_14,-0.086
028_14,263_14,0.094
076_13,263_14,-0.165
077_13,263_14,-0.143
078_13,263_14,0.034
079_13,263_14,-0.040
080_13,263_14,-0.075
081_13,263_14,0.592
082_13,263_14,0.068
083_13,263_14,0.446
084_13,263_14,0.175
085_13,263_14,-0.347
086_13,263_14,0.282
087_13,263_14,-0.766
089_13,263_14,-0.181
090_13,263_14,-0.145
091_13,263_14,0.382
092_13,263_14,0.204
093_13,263_14,0.189
094_13,263_14,0.198
095_13,263_14,-0.519
096_13,263_14,0.024
097_13,263_14,0.097
098_13,263_14,-0.407
099_13,263_14,0.506
100_13,263_14,-0.089
102_13,263_14,-0.013
103_13,263_14,0.079
104_13,263_14,-0.218
105_13,263_14,0.273
106_13,263_14,0.307
236_14,263_14,0.384
237_14,263_14,-0.421
238_14,263_14,0.258
239_14,263_14,-0.055
240_14,263_14,-0.223
241_14,263_14,-0.108
242_14,263_14,0.216
243_14,263_14,-0.027
244_14,263_14,0.212
245_14,263_14,0.066
246_14,263_14,-0.251
247_14,263_14,0.256
248_14,263_14,0.333
249_14,263_14,0.050
250_14,263_14,0.235
251_14,263_14,-0.278
252_14,263_14,-0.098
253_14,263_14,-0.094
254_14,263_14,-0.137
255_14,263_14,0.070
256_14,263_14,0.180
257_14,263_14,0.194
258_14,263_14,-0.033
259_14,263_14,0.301
260_14,263_14,0.393
261_14,263_14,0.594
262_14,263_14,0.041
001_08,264_14,0.357
002_08,264_14,-0.184
003_08,264_14,0.435
004_08,264_14,-0.099
005_08,264_14,-0.576
006_08,264_14,-0.601
007_08,264_14,-0.261
019_14,264_14,0.054
020_14,264_14,0.456
021_14,264_14,-0.412
022_14,264_14,0.182
023_14,264_14,0.062
024_14,264_14,0.600
025_14,264_14,0.268
026_14,264_14,-0.284
027_14,264_14,-0.419
028_14,264_14,-0.423
076_13,264_14,-0.014
077_13,264_14,0.328
078_13,264_14,-0.526
079_13,264_14,-0.250
080_13,264_14,0.076
081_13,264_14,-0.026
082_13,264_14,-0.539
083_13,264_14,-0.123
084_13,264_14,-0.228
085_13,264_14,-0.294
086_13,264_14,-0.493
087_13,264_14,0.124
089_13,264_14,-0.417
090_13,264_14,-0.262
091_13,264_14,0.127
092_13,264_14,-0.299
093_13,264_14,-0.136
094_13,264_14,-0.151
095_13,264_14,-0.223
096_13,264_14,-0.334
097_13,264_14,-0.029
098_13,264_14,-0.618
099_13,264_14,0.146
100_13,264_14,0.451
102_13,264_14,-0.154
103_13,264_14,-0.437
104_13,264_14,0.160
105_13,264_14,-0.680
106_13,264_14,-0.396
236_14,264_14,-0.500
237_14,264_14,-0.253
238_14,264_14,-0.480
239_14,264_14,-0.620
240_14,264_14,-0.439
241_14,264_14,-0.065
242_14,264_14,-0.424
243_14,264_14,-0.150
244_14,264_14,-0.543
245_14,264_14,0.008
246_14,264_14,-0.330
247_14,264_14,-0.509
248_14,264_14,-0.146
249_14,264_14,-0.496
250_14,264_14,-0.200
251_14,264_14,0.155
252_14,264_14,-0.470
253_14,264_14,-0.051
254_14,264_14,0.232
255_14,264_14,-0.223
256_14,264_14,-0.019
257_14,264_14,-0.158
258_14,264_14,0.419
259_14,264_14,-0.608
260_14,264_14,-0.333
261_14,264_14,-0.391
262_14,264_14,-0.511
263_14,264_14,-0.171
001_08,265_14,0.187
002_08,265_14,-0.134
003_08,265_14,-0.061
004_08,265_14,-0.694
005_08,265_14,0.201
006_08,265_14,-0.053
007_08,265_14,-0.142
019_14,265_14,-0.599
020_14,265_14,0.119
021_14,265_14,0.562
022_14,265_14,-0.014
023_14,265_14,-0.028
024_14,265_14,-0.454
025_14,265_14,0.354
026_14,265_14,0.137
027_14,265_14,0.320
028_14,265_14,0.016
076_13,265_14,0.182
077_13,265_14,-0.061
078_13,265_14,-0.249
079_13,265_14,0.158
080_13,265_14,-0.184
081_13,265_14,-0.285
082_13,265_14,-0.150
083_13,265_14,-0.211
084_13,265_14,0.274
085_13,265_14,-0.700
086_13,265_14,0.246
087_13,265_14,0.060
089_13,265_14,0.117
090_13,265_14,0.047
091_13,265_14,-0.061
092_13,265_14,0.181
093_13,265_14,-0.268
094_13,265_14,-0.498
095_13,265_14,0.081
096_13,265_14,-0.357
097_13,265_14,0.336
098_13,265_14,0.538
099_13,265_14,0.139
100_13,265_14,-0.028
102_13,265_14,-0.231
103_13,265_14,0.638
104_13,265_14,-0.434
105_13,265_14,0.341
106_13,265_14,-0.048
236_14,265_14,0.175
237_14,265_14,0.012
238_14,265_14,0.390
239_14,265_14,0.407
240_14,265_14,-0.201
241_14,265_14,0.119
242_14,265_14,0.021
243_14,265_14,0.047
244_14,265_14,0.328
245_14,265_14,-0.125
246_14,265_14,0.198
247_14,265_14,0.178
248_14,265_14,0.150
249_14,265_14,-0.252
250_14,265_14,0.051
251_14,265_14,-0.535
252_14,265_14,-0.210
253_14,265_14,0.116
254_14,265_14,0.073
255_14,265_14,-0.002
256_14,265_14,-0.343
257_14,265_14,-0.243
258_14,265_14,-0.398
259_14,265_14,-0.225
260_14,265_14,0.094
261_14,265_14,0.434
262_14,265_14,0.040
263_14,265_14,-0.194
264_14,265_14,-0.501
001_08,266_14,0.412
002_08,266_14,-0.304
003_08,266_14,0.534
004_08,266_14,0.002
005_08,266_14,-0.168
006_08,266_14,-0.597
007_08,266_14,-0.304
019_14,266_14,-0.450
020_14,266_14,0.586
021_14,266_14,-0.205
022_14,266_14,0.059
023_14,266_14,0.647
024_14,266_14,0.415
025_14,266_14,0.267
026_14,266_14,0.186
027_14,266_14,0.453
028_14,266_14,0.244
076_13,266_14,0.486
077_13,266_14,0.836
078_13,266_14,-0.132
079_13,266_14,0.407
080_13,266_14,0.080
081_13,266_14,0.249
082_13,266_14,-0.066
083_13,266_14,-0.362
084_13,266_14,0.542
085_13,266_14,-0.772
086_13,266_14,0.037
087_13,266_14,-0.282
089_13,266_14,0.491
090_13,266_14,0.447
091_13,266_14,0.382
092_13,266_14,-0.017
093_13,266_14,0.188
094_13,266_14,-0.156
095_13,266_14,-0.382
096_13,266_14,0.023
097_13,266_14,0.249
098_13,266_14,-0.126
099_13,266_14,0.279
100_13,266_14,0.545
102_13,266_14,-0.394
103_13,266_14,-0.132
104_13,266_14,0.233
105_13,266_14,-0.252
106_13,266_14,0.306
236_14,266_14,-0.541
237_14,266_14,-0.422
238_14,266_14,-0.045
239_14,266_14,-0.156
240_14,266_14,-0.329
241_14,266_14,0.390
242_14,266_14,-0.963
243_14,266_14,0.416
244_14,266_14,0.054
245_14,266_14,0.184
246_14,266_14,-0.127
247_14,266_14,-0.503
248_14,266_14,0.061
249_14,266_14,0.049
250_14,266_14,0.493
251_14,266_14,-0.533
252_14,266_14,-0.099
253_14,266_14,0.315
254_14,266_14,0.790
255_14,266_14,-0.064
256_14,266_14,-0.503
257_14,266_14,-0.043
258_14,266_14,0.612
259_14,266_14,-0.262
260_14,266_14,0.020
261_14,266_14,0.186
262_14,266_14,-0.400
263_14,266_14,0.033
264_14,266_14,0.374
265_14,266_14,-0.044
001_08,267_14,-0.332
002_08,267_14,-0.269
003_08,267_14,-0.459
004_08,267_14,0.471
005_08,267_14,-0.307
006_08,267_14,-0.459
007_08,267_14,0.129
019_14,267_14,0.015
020_14,267_14,-0.390
021_14,267_14,0.118
022_14,267_14,0.131
023_14,267_14,0.257
024_14,267_14,-0.156
025_14,267_14,-0.468
026_14,267_14,-0.015
027_14,267_14,-0.169
028_14,267_14,-0.171
076_13,267_14,-0.403
077_13,267_14,-0.480
078_13,267_14,-0.108
079_13,267_14,-0.464
080_13,267_14,-0.217
081_13,267_14,0.114
082_13,267_14,0.141
083_13,267_14,0.589
084_13,267_14,-0.266
085_13,267_14,-0.409
086_13,267_14,0.261
087_13,267_14,-0.718
089_13,267_14,-0.252
090_13,267_14,-0.211
091_13,267_14,0.228
092_13,267_14,0.208
093_13,267_14,-0.313
094_13,267_14,0.169
095_13,267_14,-0.400
096_13,267_14,0.020
097_13,267_14,-0.361
098_13,267_14,-0.571
099_13,267_14,0.293
100_13,267_14,-0.586
102_13,267_14,-0.383
103_13,267_14,-0.170
104_13,267_14,-0.177
105_13,267_14,0.039
106_13,267_14,0.097
236_14,267_14,0.163
237_14,267_14,-0.430
238_14,267_14,-0.134
239_14,267_14,-0.392
240_14,267_14,-0.558
241_14,267_14,0.080
242_14,267_14,0.007
243_14,267_14,-0.445
244_14,267_14,-0.235
245_14,267_14,0.016
246_14,267_14,-0.080
247_14,267_14,-0.010
248_14,267_14,-0.003
249_14,267_14,-0.116
250_14,267_14,-0.092
251_14,267_14,-0.269
252_14,267_14,-0.246
253_14,267_14,-0.197
254_14,267_14,-0.119
255_14,267_14,-0.308
256_14,267_14,0.250
257_14,267_14,0.029
258_14,267_14,-0.120
259_14,267_14,0.542
260_14,267_14,0.244
261_14,267_14,0.138
262_14,267_14,-0.098
263_14,267_14,0.413
264_14,267_14,-0.379
265_14,267_14,-0.342
266_14,267_14,-0.210
001_08,268_14,0.343
002_08,268_14,0.257
003_08,268_14,-0.166
004_08,268_14,-0.091
005_08,268_14,0.354
006_08,268_14,0.322
007_08,268_14,0.029
019_14,268_14,0.244
020_14,268_14,-0.436
021_14,268_14,-0.191
022_14,268_14,0.031
023_14,268_14,-0.311
024_14,268_14,-0.330
025_14,268_14,-0.306
026_14,268_14,0.008
027_14,268_14,-0.452
028_14,268_14,-0.240
076_13,268_14,-0.059
077_13,268_14,-0.453
078_13,268_14,-0.330
079_13,268_14,-0.441
080_13,268_14,0.174
081_13,268_14,-0.187
082_13,268_14,-0.438
083_13,268_14,-0.011
084_13,268_14,-0.086
085_13,268_14,0.142
086_13,268_14,0.239
087_13,268_14,-0.289
089_13,268_14,-0.457
090_13,268_14,-0.459
091_13,268_14,0.097
092_13,268_14,0.077
093_13,268_14,0.113
094_13,268_14,-0.139
095_13,268_14,-0.222
096_13,268_14,-0.245
097_13,268_14,-0.369
098_13,268_14,-0.389
099_13,268_14,0.232
100_13,268_14,0.163
102_13,268_14,0.433
103_13,268_14,-0.025
104_13,268_14,-0.085
105_13,268_14,-0.402
106_13,268_14,-0.253
236_14,268_14,0.185
237_14,268_14,0.084
238_14,268_14,0.065
239_14,268_14,-0.433
240_14,268_14,-0.534
241_14,268_14,-0.295
242_14,268_14,-0.013
243_14,268_14,-0.324
244_14,268_14,-0.534
245_14,268_14,0.053
246_14,268_14,-0.118
247_14,268_14,0.474
248_14,268_14,0.269
249_14,268_14,0.001
250_14,268_14,-0.045
251_14,268_14,0.435
252_14,268_14,0.009
253_14,268_14,0.012
254_14,268_14,-0.186
255_14,268_14,0.163
256_14,268_14,0.273
257_14,268_14,-0.040
258_14,268_14,-0.274
259_14,268_14,-0.255
260_14,268_14,-0.108
261_14,268_14,0.130
262_14,268_14,0.285
263_14,268_14,0.002
264_14,268_14,0.154
265_14,268_14,-0.075
266_14,268_14,-0.248
267_14,268_14,-0.076
